dbh,species,x_pos,y_pos
0.20528793102562665,oak tree,8.815513586902945,10.99741514764603
0.3018545775272916,pine tree,7.89524041566319,9.050172347263523
0.28253504197417856,pine tree,4.398173390758982,9.28243839706088
0.20405625926103982,oak tree,7.65106126398266,1.6718015477039754
0.28797774407041643,oak tree,4.894492883181441,7.916996018762868
0.19426927465602645,pine tree,10.549381051285918,2.8716533504570423
0.1345524724467855,ash tree,11.87419626350092,2.2284853223458483
0.15943714499522776,ash tree,7.68130077570997,1.0715822946690032
0.2499894632789656,ash tree,9.673056499293551,8.525472870352882
0.23034250359621472,maple tree,2.396693418903779,4.057324273899873
0.19399413548733022,pine tree,3.012375781542066,11.258454924598976
0.21249298920637685,ash tree,1.9197942779617692,7.247207335162333
0.2488323340072323,maple tree,4.129808823261001,4.713329720841533
0.2591010673341147,oak tree,3.9689061515623307,0.3881818413630538
0.26614471313152,oak tree,4.7795970543455555,3.880852675367086
0.2475311571492299,oak tree,9.345861879990697,9.40420277630035
0.19474106340140032,maple tree,11.428764095510134,1.1294192926641444
0.24159488750272406,maple tree,2.0512513758835533,3.7616020394273524
0.13934784321243093,maple tree,2.847641769847936,0.48948159555650417
0.1958638705200382,maple tree,3.8392281641387047,4.342249127640482
0.2208972271670393,ash tree,6.573763623036968,6.25938688331685
0.1467739173021127,ash tree,11.241233396499727,3.0572894093063776
0.2753818801570611,pine tree,10.662709286234382,6.1830081654452975
0.21071795448016795,maple tree,6.638187346560644,6.5361187045329245
0.28621448866234667,maple tree,9.601898903123008,9.183766443166975
0.3383203822052416,pine tree,8.996346078769333,8.905047799446626
0.19080005229948535,pine tree,5.44765970596993,4.073553152475986
0.22211294959645525,oak tree,6.78632063797425,10.133119887412983
0.19951181966104808,ash tree,6.161666481102389,8.826969203535956
0.2018363444450561,maple tree,9.552027465326965,0.9061236313383936
0.2729687729287569,maple tree,3.77585681094348,4.381292480877305
0.31927712782935413,oak tree,4.534208155518758,8.22557940069729
0.19249637332920194,maple tree,1.2434773265722856,8.960995660636314
0.27433127493734005,maple tree,9.317993238100769,3.858294218896458
0.14309384840128908,maple tree,10.003707833114804,10.53401362067436
0.3121322985331895,pine tree,2.813252245614687,2.569158854534028
0.1540337050618452,ash tree,0.9031741617316076,11.134189553277759
0.3471182875135248,pine tree,8.703211802171463,7.269667908123219
0.2238198155596381,oak tree,8.210153546707366,11.801103839590409
0.16877594028170767,ash tree,0.4484373839995799,6.240055646485385
0.17908564173669128,pine tree,10.01910218815452,11.783605197201071
0.25569269436543535,pine tree,5.866260104172214,9.744123308118965
0.27269398343888523,pine tree,2.485953280205457,2.565152192650045
0.2566380188129057,pine tree,2.920860172973137,5.23525658190634
0.27359423521714543,oak tree,2.698616246839479,3.775212152970262
0.21352065827512506,oak tree,6.0853353843373785,2.301157668667423
0.23790587525758441,oak tree,6.452077661571849,2.4718009233016613
0.18682254825758285,ash tree,7.408380281595743,1.2065259863663518
0.24540612865229317,oak tree,6.869404585771367,2.7604859696583373
0.2188324691572377,oak tree,10.928392488523404,7.059221930655639
0.15492196035009262,maple tree,0.6920013854178189,1.4072358883978038
0.2310002691111232,oak tree,10.355868578130973,10.28237252764013
0.1684562444423978,pine tree,9.772700781438989,0.9894154676291897
0.2357194390963266,maple tree,2.726846639587341,9.844945856069403
0.21438960728111134,maple tree,9.972589255598747,9.501688349706757
0.3007158980594478,maple tree,10.064215493431504,7.440176752618988
0.2618682042418398,pine tree,3.8200596850688715,10.684270786126966
0.2188600554493972,maple tree,5.27029678920281,10.162161969134099
0.21377676133544904,maple tree,6.9766668351896435,4.2233466267062845
0.2157814859435565,ash tree,8.273505462732675,5.439129849777841
0.17439483347415743,pine tree,10.802761623796627,1.3945493824277353
0.1769024842501072,ash tree,0.983515372602386,8.706583948764509
0.17290316245315424,maple tree,11.565649681479403,1.597654339564949
0.3040158285119725,oak tree,6.836147449407091,4.546610149865076
0.19415222034250348,oak tree,5.061095760292352,0.5014676747872602
0.1902478864514012,oak tree,8.685623719588271,1.9404132737781614
0.19710278528755706,oak tree,6.405030205592055,0.23504176066638038
0.20850092693132447,oak tree,0.8266055334943729,6.044290053083756
0.214409612259515,oak tree,11.780626963118914,3.2914739055716065
0.24179202818028178,maple tree,7.588977361624375,3.5773120908952727
0.24551255252835424,oak tree,7.897832855166165,0.9544027641821753
0.28826499537514183,ash tree,8.883319847809576,8.46212782094851
0.2168828600297432,pine tree,1.094162157212268,1.6248711876517397
0.1856910673218121,pine tree,11.840561509022981,3.1177206309820744
0.26957343496215097,oak tree,6.696116993282981,8.724401340478739
0.23666386933350733,maple tree,1.126013950075985,2.6367322006354907
0.15886255018093118,ash tree,1.0084599950522017,0.21792790700239228
0.2004298428280923,pine tree,11.519792833159457,5.84549062545255
0.35992484135210423,oak tree,4.481751996735134,8.433187760539157
0.22565527106672828,oak tree,11.109710161419846,2.393113723544299
0.20070530795489983,maple tree,2.1329082079589474,10.457582950400855
0.2055476496196641,ash tree,10.838282744318605,4.521934870845081
0.21082067726740902,oak tree,11.62197532639182,9.319783425521699
0.2807747010880576,ash tree,9.364808893387254,3.7740971246507313
0.27022318377358756,pine tree,6.129497992426936,5.502955074607855
0.20609818043821565,maple tree,8.79379114862843,0.024922914537560015
0.24100607126584023,pine tree,2.1936615369147368,5.2386839593808165
0.1734038818819226,maple tree,7.892132193004878,10.39776974244169
0.1751047095605349,pine tree,11.436736798967457,9.177542707652714
0.2593845262007528,pine tree,1.9286619008678456,9.102902633025867
0.3290635207738731,oak tree,9.266947589958054,3.491733349662442
0.23400785538438013,oak tree,3.8986404245133803,10.257239002121684
0.12368821207826505,maple tree,10.746757840287156,11.225358647119464
0.14389170834765588,ash tree,10.915346522338112,0.5024194242267597
0.2674985111575049,oak tree,6.220057921509197,3.355111342564428
0.2336124795361983,oak tree,2.336534611374403,0.38956465350037117
0.23521278402481421,ash tree,2.5076154958226167,8.289966630183669
0.22237949362424886,pine tree,5.583046854783353,4.962306553651764
0.23100824445473,ash tree,6.0178132832268245,9.341791686429879
0.25401505996953366,pine tree,6.588744973713696,10.41207169729038
0.31887954584797507,oak tree,6.370167535494129,8.893927829987296
0.24845456948594463,ash tree,2.4230827291059627,5.150211228775666
0.25053475792731833,ash tree,7.481133116550648,8.017026068270098
0.23362705024017597,pine tree,6.998440829984039,4.646995379418991
0.3111124903511816,oak tree,4.765738291610562,9.062996057062577
0.2076363534040824,ash tree,4.310934814050441,2.2436680701303264
0.2344332963645991,maple tree,10.826499074264731,3.371498086944439
0.23778598086853847,oak tree,1.4255123896554704,3.9195832538196043
0.17661417053457182,pine tree,0.9836718740618178,11.671391009914165
0.2194116221348575,pine tree,10.855207460975766,1.6765053680455466
0.21889793775658015,pine tree,10.405522174288308,9.874081504306638
0.17791139019346902,maple tree,11.592379175446368,11.471457224892394
0.1623684674327247,maple tree,8.43895868466489,11.746218344722518
0.2940171124863061,ash tree,2.973252228717843,3.1214431525878323
0.2167557873960195,maple tree,8.870174450729865,2.499113721040333
0.15602455040237212,ash tree,11.158880742441003,6.311892657546419
0.214819613882075,ash tree,7.193815851919281,5.017040766572635
0.3026740437568325,oak tree,2.975726003483422,4.8915785912052065
0.2122197841635106,maple tree,0.8510451585504732,2.0821568944227056
0.2883467443421031,oak tree,10.698315822184098,5.828614879383716
0.3009034475488199,oak tree,7.879874015091098,4.767888421129186
0.19466393591223838,oak tree,2.9565794702410266,0.31968843444153583
0.19450026116074787,pine tree,11.372797943966328,11.431664945911457
0.15774213958343944,ash tree,7.178766298297576,1.3132247795174825
0.4013432850257969,oak tree,9.122974955468832,4.953418490997437
0.27077658697438084,oak tree,7.133024665032281,7.390042223603789
0.23121497093116783,oak tree,9.568439799612754,10.742380962540826
0.2150909345560346,ash tree,4.850213034317033,4.964487866014229
0.17003112523110703,maple tree,11.314016256037858,1.2126641578558917
0.2254719257053694,pine tree,3.7017117260808736,10.747554377601553
0.14717659147981707,ash tree,4.299412319766409,0.04665999622027872
0.19426346338643782,ash tree,5.45270897390307,0.32918959592064034
0.1773113763055437,pine tree,2.611808335939251,1.1846543154994662
0.1907220886354301,oak tree,11.106108436995122,0.6105806456373761
0.3219497281126382,oak tree,8.9698798782807,6.738852259029982
0.17737862056625803,maple tree,10.83159767120952,6.451146684397221
0.1517851127855455,maple tree,11.398268623275909,3.0427833500134205
0.2490391019801162,oak tree,0.8220343472409688,4.4080291823751185
0.2369298449138829,maple tree,8.591267568114388,3.531809495193486
0.16434187175086074,maple tree,8.643328070715308,0.6314509472717904
0.20235452330421896,oak tree,5.761240893395501,1.947403020179653
0.20737410237392895,ash tree,10.29136790860014,9.653563216196527
0.21801935582126472,ash tree,3.3710818663609294,6.356580607134186
0.19910064752309733,maple tree,4.379087386240821,5.570579036635186
0.2995411613627237,oak tree,2.2037152998153537,5.604664264343128
0.17003650119491548,ash tree,0.07912981785374607,11.137047666995768
0.2271081190572067,ash tree,4.466030371789045,6.956026580322017
0.2243644816354553,maple tree,5.005306298509687,9.71340235177631
0.1399298818201629,maple tree,11.149154688496907,6.542957906952326
0.2252168720753576,maple tree,5.551331779341053,8.631716332938312
0.37288335378944987,oak tree,4.532496048443836,8.371619725352465
0.2043584832942319,oak tree,10.394542052902883,0.5157150914738824
0.3540760326137174,oak tree,4.024720925522641,8.724129013191291
0.16448548502349228,maple tree,11.871981500394064,1.2904726647859475
0.2065923333077931,ash tree,5.168922582319792,1.5439946382674719
0.2068737960769522,pine tree,11.319650192581578,6.063498012416369
0.24619790243819747,maple tree,8.927106532733346,4.755813152475392
0.3165528678042538,pine tree,9.486480213743233,4.505360436780709
0.25859430324263344,oak tree,9.711085125291453,2.475338784995831
0.22148182718215523,maple tree,1.586516144069202,4.449113563011483
0.1755892510701357,pine tree,4.708523605088981,0.7778535807957931
0.2627817378496736,maple tree,9.975710621523426,2.8992498540027345
0.19849284557804203,oak tree,8.807061124537688,0.3341714318899016
0.2651610690486425,pine tree,1.816545536434048,7.234048292060365
0.15128826972908754,maple tree,0.8819805229812143,6.403469448813593
0.23927343350914074,pine tree,3.0784382858119854,4.619598756648996
0.25566822370969655,pine tree,5.826608865795018,8.516610885680791
0.2674957426692507,oak tree,10.249834208849476,3.8838928723516837
0.27095266704349197,maple tree,8.394329517841847,7.26864046111609
0.2446882708318672,pine tree,1.8638216484118737,0.9342720191035858
0.16297057054235994,maple tree,6.870716176015793,2.037296895953596
0.18392186266094507,ash tree,0.7901314745809658,5.702992731078655
0.16957697659429263,ash tree,0.6226711643818668,10.106901436040431
0.2493287597601184,pine tree,6.97437359374228,10.263203463312697
0.20658283121459184,oak tree,3.802695116091219,0.2786992770691148
0.20383165930874592,pine tree,6.77968228493841,0.9950666019619119
0.2522374030384406,oak tree,6.611977632738801,7.34078209462159
0.1273751058400989,ash tree,11.088871612425,11.744159618950313
0.17899914691563687,maple tree,0.5013457812360342,11.650016891894769
0.200561324906998,ash tree,4.315217344723518,1.66989597628999
0.2839328971675528,oak tree,9.052340807834101,2.5756396850115397
0.24493739801617623,ash tree,2.414310923988715,4.294074052440896
0.2404655623219411,pine tree,4.524698027334761,6.308144492417899
0.17716669599671808,oak tree,0.3397145718842278,4.729004265844222
0.18507023200165923,pine tree,3.404934329693015,0.9783395487175204
0.2636095154615268,ash tree,6.973431094599006,7.531629356274485
0.1781160428447368,ash tree,7.820994073981174,11.289038022891212
0.17093946633478574,maple tree,0.16536031217961433,0.055242628483414435
0.18502630506206022,maple tree,8.841844854364123,2.337154142394079
0.1774610775487527,ash tree,5.482634908743706,1.4590656068249093
0.20874254058675318,ash tree,4.521280658700142,0.5773200395990385
0.14307857383737885,maple tree,10.209261115377885,11.259397290602331
0.21450692463976379,pine tree,0.536232081157554,0.5291870898837003
0.19927960947873888,oak tree,11.991789914270875,3.991589457634161
0.21996612701276286,oak tree,10.919520267779463,9.986189211034922
0.17036919495234393,maple tree,11.826317998806587,6.533275241071671
0.23819492390848834,pine tree,4.690773413371765,5.349188748070379
0.17463775712443738,maple tree,7.755122373197381,10.285578475802797
0.2634215069399236,ash tree,2.98987343416353,4.288900647393736
0.14949382469484146,maple tree,11.763393389708982,3.920832716501453
0.1723238478771065,pine tree,8.6677469448463,10.83192635805489
0.2225532065854499,ash tree,6.664063678883291,2.3777803708343463
0.2545522550548764,maple tree,8.098063328976547,9.63039797694776
0.2967154030382551,oak tree,9.193743361079452,2.2712856619126436
0.18837814017094942,ash tree,1.418434741737809,9.960909806088889
0.17177549785956242,ash tree,6.801711154142791,1.1400556400043156
0.21198317274537154,maple tree,9.947682010712402,8.039949552102598
0.19551585754341955,oak tree,0.5839077387974498,9.881809147219219
0.21633746420400707,ash tree,10.86661837037483,9.261238549869416
0.21899232525936158,ash tree,2.646769188509268,5.1562249595918725
0.18595700908973412,oak tree,11.75186018915046,10.072120116312725
0.24817483636658716,maple tree,9.727275464590747,5.470120749851246
0.16819700757719064,maple tree,6.706175185922406,11.419035031986697
0.2542787999893315,oak tree,1.6792321483471566,3.8542412564407336
0.3037061620277256,maple tree,9.835131453944756,5.276766307365208
0.1771239783126993,oak tree,10.886781568224194,10.18399587347881
0.18994198355699973,maple tree,2.166082041792754,0.8807478760631748
0.22378335287791862,ash tree,8.659033175678216,2.6856058832578222
0.2118239811180585,ash tree,5.537932354719468,9.664916597628928
0.2791769682445133,maple tree,8.81897694593184,7.782898495760626
0.18163674042426767,oak tree,6.327790589295848,1.3393740185518621
0.1973248000828299,pine tree,5.4643814564318305,10.305827156272448
0.1727512636207337,pine tree,6.023672228906335,4.110926543162801
0.12969813523232837,maple tree,3.735256533453692,11.703458720340498
0.1341779020982533,maple tree,0.6608486567743688,9.49422281242735
0.2622582122566492,pine tree,2.5617160501789455,10.453026979026927
0.2261231738770244,maple tree,10.180818982949827,0.8455261384027524
0.28630098533892906,pine tree,2.7316484038989373,6.70432053480578
0.18983835099556784,maple tree,7.518977498709483,0.5102080304620245
0.21483340502487644,pine tree,0.7903211656293174,8.213190733424511
0.2594638748032505,oak tree,6.230907239160626,8.026965241183191
0.23937871695067292,pine tree,5.9615805157379045,3.1241019485282404
0.1816808409906531,maple tree,5.393838753733509,1.7531028233591153
0.16582859994461105,maple tree,3.503710372685697,0.28367510433892473
0.25870729430091594,ash tree,2.6250757214711027,9.229478573486366
0.2491812762612812,maple tree,6.704827406150089,8.583195665446942
0.2472955358451151,maple tree,8.389268294858567,8.195228592274557
0.20853661609060636,pine tree,7.8863759212760645,1.5677305757412268
0.218539953943127,oak tree,10.820634941981977,9.7453342232727
0.28615285502362836,oak tree,7.441934766051049,7.407932380008326
0.2155084031313222,pine tree,7.405970804099667,2.310278433382898
0.2314950696975796,pine tree,0.6002486166776602,3.8348550840125433
0.20906910169491155,oak tree,8.46440356791986,11.885928156129813
0.26508219802519034,maple tree,7.665953649291442,4.722972161900232
0.26406128773031706,maple tree,9.965715333125772,6.250143374387946
0.25893528975669877,oak tree,3.782586510219361,4.5660640619679995
0.21931536012320213,ash tree,1.7080491099944721,8.588036317399101
0.19429050449438662,maple tree,7.38048811030219,4.589520080266778
0.2217231100059826,oak tree,0.09108296908872404,9.728775947077548
0.26258725611075906,oak tree,5.489464449416964,3.6147883423861473
0.23143560893505827,ash tree,2.3821479404257606,7.105306595624699
0.22980525114905637,pine tree,7.479615628027967,5.453851744431113
0.21602308074743354,maple tree,1.8037183603619913,3.575775962014766
0.19657494604082962,ash tree,5.6123986485045245,5.1657574392767955
0.25672239084584,pine tree,6.526250715285435,7.643942012709681
0.1262602593782059,oak tree,11.943865281673075,0.7610322969963401
0.27322136689443943,oak tree,5.132687410037345,7.930809705504101
0.290291923322339,oak tree,3.2594387436244134,4.480849861284337
0.27693684544348035,pine tree,2.437161498678033,7.055810104491693
0.2729221650950161,maple tree,8.590653500327832,5.411848116932063
0.20168891275378173,maple tree,7.62589573747484,4.487078137559998
0.19508650529981553,ash tree,0.5019477534392509,11.977424175580717
0.2070704178196936,maple tree,1.8487817088969014,11.074274720662679
0.33511055105334353,pine tree,9.151422549497301,5.589753012232398
0.2223689758814752,ash tree,0.012311100147868181,6.197843128107962
0.275379102274504,pine tree,5.246958729449073,9.452689857237932
0.2099079990866732,pine tree,11.909978390055347,9.201629313983933
0.19659470656931283,oak tree,10.908975554990276,4.706887916805839
0.19038766464819634,ash tree,3.306967495731873,11.853508999953112
0.14147486872850745,maple tree,7.795969220692429,11.705440360227541
0.17274725745394096,ash tree,3.1130502881714532,11.418988344608287
0.19435241124356958,pine tree,8.47462916847742,11.551413514529013
0.2035014857581912,pine tree,11.35222268171732,4.892292137386772
0.2859769607931909,ash tree,9.302588762993484,4.275957344793738
0.15649933702779875,maple tree,0.3250641259353779,10.603093020597408
0.18157561406991551,maple tree,6.68655811290419,9.927135376315427
0.1938508817209935,maple tree,9.031019317347655,11.151229055008542
0.3353862056970999,pine tree,9.521624480296977,5.273647109757976
0.21236062589484156,pine tree,4.148975978750898,0.21371956280950277
0.21815357942639296,oak tree,11.48462171982894,10.884269783178794
0.2804639851664128,maple tree,8.760202086246654,9.054677914453498
0.16059335827851529,maple tree,9.711653315615417,0.30964542225468605
0.18408850414981,ash tree,8.04295380521621,10.76394878590112
0.18248154262585325,ash tree,10.323007906552778,11.79475557826454
0.20204524506303717,ash tree,6.515747633274586,3.980750450391766
0.20652425081765657,maple tree,0.08202510088761272,5.865586473086646
0.2668254252268559,ash tree,3.0788579395593896,3.406135683999563
0.2174085448755232,oak tree,7.525300514783358,2.245437759859561
0.1853215453063313,oak tree,11.723457980837154,9.510494214862385
0.2357928867816233,maple tree,5.608718411189029,4.410632501182903
0.1920110755626319,maple tree,7.074466208225152,3.6706669002673413
0.2745033642103132,oak tree,2.5745316378470617,7.278480561951
0.21242658051863383,ash tree,4.810637405005254,4.875242134160591
0.2771876671660241,oak tree,1.914790674578727,9.481529586709724
0.15324856674029386,pine tree,9.685682707623712,0.9441658414471177
0.29208344700117417,ash tree,9.335056424846577,7.750640533295776
0.16561003955984274,maple tree,11.191211009893257,9.186214926161924
0.24405554204869573,maple tree,1.7808830173326493,9.148174694902103
0.2548447863335508,pine tree,2.3758858603962842,6.211603140223591
0.16399642065905162,maple tree,1.9567004324164583,5.757994014981552
0.20276979907530485,pine tree,5.617929366209748,3.300361078126095
0.20432180695686988,maple tree,3.648146076140407,5.209847037996164
0.2673138746418067,oak tree,7.858141594165636,9.872175353977982
0.3385931055678701,pine tree,8.734520166570448,7.887031407237963
0.3487395250752745,oak tree,9.811685210272103,4.925258809110588
0.23145380446037936,pine tree,7.400656337483794,3.701682309747483
0.1835137491434602,ash tree,4.710497379890798,1.69429586450774
0.25979621472193787,maple tree,3.9989746780401902,9.023850018413858
0.29044649639424597,maple tree,2.8163881455040087,2.701674281202141
0.209135535544743,ash tree,5.5061077167186845,10.168044914672588
0.17412243224050078,ash tree,11.596479551682002,10.608130418504157
0.16167696545801083,maple tree,11.539568925856209,9.820314108238698
0.1734845625730938,ash tree,5.9140378282509705,2.652773655016345
0.299510405203943,oak tree,3.8187967425657887,3.0628807091083003
0.1496990789970061,maple tree,11.775371848107339,3.837663053104067
0.3128783026858049,oak tree,3.502195267374565,3.1020542170648597
0.18713250800751446,maple tree,8.82374562627098,2.193559961880385
0.2029676394028362,pine tree,8.109648881348988,2.601733715366719
0.1379020764851905,maple tree,11.7451797177165,4.170256873869876
0.1471102486515254,maple tree,11.490783237506895,8.495078506449188
0.14401250700720972,maple tree,3.9823419626795955,11.497196223530432
0.21736407671035304,pine tree,11.483674248399314,1.297332151243412
0.21735908911468044,maple tree,8.527059858377878,1.4506735263092478
0.1769034689336752,maple tree,0.3549490205591974,3.633853999524113
0.18491412569975713,ash tree,5.297771218191976,10.411145659260862
0.2978702198972953,oak tree,7.896322451590796,5.484526173206851
0.23621428521945104,oak tree,4.0446741648488365,2.5343318161638155
0.16512529216603813,maple tree,3.281651358493832,10.715937703869896
0.1757585712959507,maple tree,11.86487583720917,11.478032192277844
0.27052458338280755,oak tree,1.9261871963325028,1.6440775293067253
0.29874192875416145,pine tree,1.7857976300358036,3.0842507058090196
0.2906483294961687,oak tree,8.500262457398787,9.536503016252162
0.2295684521525823,oak tree,3.8111640050018245,5.436771670600351
0.25113193514935905,pine tree,1.8953210320589982,6.624862147537968
0.33144495185861017,oak tree,2.8525170082623834,8.857786553204589
0.13249110714816195,ash tree,9.79721121790891,1.1262637235614181
0.29611263503490814,pine tree,8.853115329723167,8.374487650311982
0.23043893653435982,pine tree,0.8899712170555207,3.454780927624295
0.24760467580879114,ash tree,9.213407212745697,2.1816372380195688
0.16734746753222024,maple tree,0.6247605835933272,3.959461152675896
0.2495466337036402,maple tree,9.83662376040558,2.812611987804511
0.2221405951163704,ash tree,5.672750637964145,3.4176987291272916
0.20083159539754977,pine tree,10.69233165453253,9.55855365277107
0.2951992973207586,ash tree,4.598931892046677,9.0982097836022
0.2206621019066007,oak tree,0.4001608595608448,1.5987499663121776
0.2564607953907187,pine tree,4.0286679323024295,4.920099438306474
0.18257436317339765,oak tree,0.17418317035368558,0.5082868747397566
0.18162071815161518,ash tree,3.2121489620902675,0.1346722505465614
0.19189003019716833,oak tree,6.950514902814598,1.1644249326825502
0.17095270067693524,maple tree,0.09514173292819406,11.879326581369503
0.16505334685424441,ash tree,8.291717043242635,0.16845441028379993
0.25798271669302414,maple tree,8.061807233656399,3.987062483785766
0.2974136260132611,oak tree,7.366897028506781,7.6714152574149646
0.26592733258048384,ash tree,2.7919888781902245,7.164952806369763
0.2837119997357199,pine tree,4.8289483435771405,8.203443149014053
0.18684769666891246,pine tree,3.3382341115958694,11.794882360154443
0.24597770447002806,oak tree,2.99722963664972,6.343843189071842
0.1638817546755224,maple tree,0.010331659330745868,9.584573540778296
0.24052638206553345,ash tree,4.440986660065813,7.088297151919482
0.26707016176726356,pine tree,4.589499783980427,9.301363032451686
0.17377398585560608,pine tree,1.1208178153801156,7.4409935693073255
0.28515407584662356,oak tree,8.096064165350299,4.3075531719210876
0.22407824354991507,ash tree,7.660623495841865,9.975889198539496
0.1548355132854288,maple tree,4.911707524122862,0.08720362182339825
0.23387495954784754,ash tree,2.706740669521786,1.557841295711083
0.15796538725138065,oak tree,8.128513431913497,0.6530724456602255
0.17490973929662418,ash tree,2.513516933075781,6.746682947523887
0.22858510057443954,ash tree,1.2906675666532514,4.033349105804204
0.22435443456311563,ash tree,6.678263059546983,4.579207552078094
0.22371008274666182,maple tree,10.245116596845962,8.68134275142192
0.34386002794437887,oak tree,10.364057810373046,4.5574435829700235
0.1677928085194125,ash tree,10.175460916778642,1.7002767517590436
0.2660805656706,ash tree,10.103187265360997,4.616254002190416
0.2031964388090882,ash tree,10.774935295589701,10.464020972179817
0.32545098004482725,oak tree,9.306887887432705,4.271637303613639
0.2657794953943654,pine tree,8.425094884016968,5.4463765611824515
0.1865031862273482,ash tree,9.245394715645475,11.852187123695952
0.2072497188746254,oak tree,0.8049108348102476,0.6930433685807849
0.1943882180649671,maple tree,7.275116967934515,11.573781837227688
0.18897099697387523,pine tree,1.0750869463191313,9.83810516432181
0.2419307057641035,oak tree,4.962941835663962,2.635301729763708
0.23562968319931102,oak tree,0.6233269883381363,11.760482820539506
0.308689129007884,pine tree,8.735574866275888,8.77481747779499
0.16869286419765403,ash tree,0.8249316858526927,9.556512172562696
0.22027771162362667,maple tree,10.652773053671222,7.564059724426084
0.21639838641758816,ash tree,10.31800971234159,8.464393729031107
0.20115406707067202,pine tree,9.480224570925639,10.070192237485049
0.17383377153374874,oak tree,11.807660639269399,9.845443064297983
0.1529872877359753,maple tree,3.9338233034068,11.329280060694014
0.11986932227029673,ash tree,8.881672399527492,11.929469657856309
0.2339540574376336,maple tree,10.814363639634704,6.376138169241258
0.19516940611222006,ash tree,1.0825408032395392,6.708994850640949
0.2220084039209579,pine tree,5.245635074712463,5.609054723503791
0.2407932352594704,maple tree,4.341837959744135,3.191615372835273
0.22844252668261683,ash tree,7.952155962140029,5.286112695129258
0.21344292725793546,pine tree,5.337697983929691,2.9488106211281013
0.27513613172627016,ash tree,3.167253104666045,2.6066492826207237
0.200864326719991,ash tree,6.115531718887911,10.636172310792523
0.1883053438507309,pine tree,4.830911417842446,11.955598258436938
0.22361465563197208,pine tree,11.720276442481872,7.742535979719988
0.29948598240414315,oak tree,4.869633792766397,5.344993201532253
0.1826060351771087,pine tree,2.421528221050574,0.2642364065242955
0.25145807518898616,ash tree,6.540077093472405,9.760474109657784
0.162373776695854,ash tree,8.789817468671949,0.6294505188191892
0.17390598754668837,maple tree,11.558523337198835,1.6348805435189062
0.25055080241268607,oak tree,6.172859634371884,5.751581843772417
0.2098978442090754,maple tree,11.31768588305037,11.637461175790502
0.23768384502500509,pine tree,6.26385229782512,3.834123451042514
0.20254387597080592,pine tree,3.8471245924951436,3.2469141204704357
0.34184130464935264,oak tree,3.6271464816183725,4.452336206688672
0.21751807985063448,oak tree,11.214714653297982,8.71159891562738
0.21638806488759282,pine tree,9.815955211749628,9.59880206243726
0.226001242681926,pine tree,6.867602119182774,11.754462507356845
0.1832807339190934,maple tree,1.7620967907358254,10.847102275866003
0.20657577277735223,oak tree,10.773115227649885,1.7834848264723218
0.20484051938462738,maple tree,11.201144041087971,1.2480001895865596
0.290636923370172,ash tree,8.700710357049878,5.334014827096901
0.2390101486867708,pine tree,10.779168934345687,2.9668866712775426
0.31205541202205095,pine tree,6.147715578480275,8.13637448368454
0.20092130275500253,oak tree,11.078978246749056,11.388085477915427
0.3099309727315187,pine tree,9.154153493435743,7.5204759438042625
0.16942568520817017,maple tree,0.9859132267867112,5.314775435425025
0.18716797292818457,maple tree,1.5431045656885258,8.098983620151271
0.30607421947510693,oak tree,10.535701130090862,4.851756534847816
0.2435031061342334,ash tree,10.668881058412646,3.233743841644671
0.21164588460045772,ash tree,3.8613364022783188,11.091324779919692
0.16661331756430647,maple tree,11.263536540258613,4.470315202258307
0.2267099966528226,ash tree,8.766458839643636,5.655766201367145
0.17829604834919557,maple tree,4.422367709365815,6.356341083479083
0.19304957035051784,maple tree,3.7551919447896327,10.504696133737504
0.17263417753804242,ash tree,9.648389427724306,1.1709342225741368
0.18490536656941176,ash tree,1.0175380060793402,11.764677469879658
0.23319999531839408,pine tree,7.853557204649759,3.195280270774567
0.2748704588528461,maple tree,2.8830538253154216,8.025846628859895
0.31363724349341476,oak tree,2.222725395235959,4.208591305237894
0.1619818602512007,maple tree,9.920719848509098,0.2750497962139833
0.20403807606733404,oak tree,6.420313513105814,1.0315908968666179
0.25624783253055217,pine tree,4.670055703242705,3.1405974110110226
0.1794922209655898,pine tree,8.794738265970967,0.5224733149907714
0.20306714365720535,pine tree,1.2592415412691045,9.361948206441594
0.17273480792293536,maple tree,11.79095624357576,5.736564225906913
0.16723767703354514,pine tree,9.814804802303273,11.061843110316673
0.22068023589056385,ash tree,9.201097144550058,9.57443605843672
0.24886824330568005,ash tree,8.747004550385842,2.8139106426264267
0.21078491226871654,ash tree,11.642478803479435,4.192675697090161
0.2635002949576484,pine tree,6.240819666972126,9.464681386253766
0.21615880232446702,ash tree,0.8443002821818468,11.15705648436172
0.2772204834812899,oak tree,2.1014664415606683,5.165248928519947
0.22967921514370881,pine tree,7.193851614083595,10.586909113816713
0.33139748007330516,oak tree,9.83726283376899,4.740951726765203
0.20682516403805676,maple tree,4.502573227388238,2.2102873466618145
0.13854052199114808,ash tree,4.0602816819584415,1.1966155852489169
0.21103768587164945,maple tree,1.8376848745714178,5.056341669618869
0.25565578783757903,pine tree,7.793487817746968,4.010651065488039
0.14933880028318744,pine tree,11.402221817234562,8.783884536124612
0.21616182590359193,ash tree,1.3637524343888052,4.2176855493738366
0.2505197302646971,ash tree,2.945890111416043,6.17307981322135
0.32637417560942883,pine tree,8.600627515681227,8.562898253137206
0.19282694215639856,maple tree,8.421090012558349,1.9285491732702291
0.29082351355611774,oak tree,2.7455522257829776,8.880811675526665
0.29108569247593746,ash tree,4.379410431428159,9.528928176467145
0.17042034867969091,maple tree,8.536340114674585,2.1836867663280937
0.22010211861719425,ash tree,5.304767401013679,11.430306558163737
0.14666778233247468,maple tree,7.283713715482457,11.901795001467098
0.1639752763640253,maple tree,0.07222116137811385,6.393864908878603
0.20073914218921543,pine tree,5.356197898487756,11.62017288653362
0.15386300087771448,maple tree,5.7110064526077515,0.3255410384524464
0.18899712262952909,ash tree,3.4756912261808397,1.4493284360240337
0.20838131518727437,ash tree,3.8270320782593656,6.626539534304172
0.25050784855381025,pine tree,10.568915035135925,5.532456296996577
0.23523128977111613,pine tree,11.575112507448754,3.119948668593308
0.28447970639874187,oak tree,7.085510047132526,9.395896724179014
0.21642110883352045,ash tree,11.547601092614853,4.647105250986535
0.2445176101221533,oak tree,0.9714569736025473,7.592328151461468
0.2503058147362981,ash tree,9.183402069785089,7.154779876330233
0.11836440225588199,maple tree,5.875497040020885,1.3905481758515341
0.24070767596913983,pine tree,3.965366567473686,5.378526841178203
0.2764010996750912,pine tree,3.1087705415325426,6.791065180513151
0.18076099900204687,maple tree,4.659334027462489,11.27355703405709
0.20045683687702867,pine tree,10.704052383894266,1.450311758138024
0.20702459262247866,oak tree,7.961447720228274,10.83468231851198
0.19771055942647464,ash tree,10.872991002697947,6.947001334582171
0.22347556726867468,pine tree,9.218046650931102,2.468665067462987
0.2585420452222923,pine tree,2.5483935242858675,10.587610198991193
0.2422371929642163,oak tree,0.31629165951736526,5.872895569716009
0.17695321856135807,maple tree,0.02021917951246266,2.164667581993981
0.2809622374265232,ash tree,3.4486103573428526,9.507069973332854
0.1879581522585103,pine tree,10.979016889336583,0.06973810839474082
0.24990790929153497,maple tree,8.470152105218164,6.30980806499655
0.18980390167870528,pine tree,6.532013376192717,4.774272458522492
0.22079573205070904,maple tree,4.223798877914515,2.428087447594931
0.22624207759076426,oak tree,11.220003761884488,3.5824318978109457
0.24793000728142137,maple tree,9.184136213924607,2.626446312608752
0.21632474948736943,pine tree,10.254128231368547,10.814328414171603
0.1899075431384501,pine tree,11.795803826629088,11.701258532405008
0.2634312369421476,pine tree,2.6517677986749186,8.028192937569361
0.21484000911862133,ash tree,6.261721252963543,4.908815387717764
0.17500056966410468,ash tree,7.602198774645399,0.3194160730911535
0.18922559073230005,oak tree,7.935304844185006,0.3664586751998624
0.23089236226965254,maple tree,10.749797148254274,7.616275632163974
0.24241002422295843,oak tree,3.2001632558024746,1.4864098673658819
0.256078004336573,oak tree,10.570102788105249,7.2897001563028585
0.14640153198779673,maple tree,11.633866581997491,8.042902105544588
0.26707337176138307,pine tree,2.7087152446385403,8.097432732458728
0.21585895035206243,maple tree,3.036164177366222,1.3480489378734783
0.15568705885252912,maple tree,11.307959349986724,10.373294621430492
0.1948170328420872,pine tree,10.450645346459142,1.9431204540954758
0.30562748247979743,ash tree,2.853833850024141,8.387359748824315
0.24480317495211806,oak tree,5.259210761316847,5.457226930108949
0.20269115805419421,maple tree,9.183955756774626,9.873776732833843
0.1931150288231459,pine tree,7.540595085456393,10.543284784471982
0.20918509608674585,pine tree,2.43162468282737,6.682393620001006
0.20285730226753768,ash tree,3.858762535400079,0.07687938140540052
0.26525956510585086,maple tree,3.278130532546336,3.6564738427678893
0.36989534637076943,oak tree,9.255944746982887,3.538449488252422
0.33533555974133367,pine tree,2.3548821814873917,2.8022731542563597
0.21189772501872778,oak tree,4.763223822959908,3.4246287097404515
0.1861318651498616,pine tree,9.147896276303673,0.5521858653766767
0.29241132748838355,pine tree,2.967691662132188,3.9806027521172647
0.23010326725038593,ash tree,2.6647117515614696,6.908443385500773
0.1963188636067478,ash tree,2.763486876411624,0.26802121057423145
0.28405946122057457,oak tree,9.318622319653757,5.6019356932854905
0.1782089760928127,maple tree,7.2976473998409706,9.987631186404943
0.1854425108704987,pine tree,11.835478926949222,7.777826161188581
0.16255253056144642,ash tree,6.616064801246361,11.173969627871305
0.21834110748499042,maple tree,1.3939185122880442,1.9012790278341765
0.28842739468142076,oak tree,4.230715349979032,6.808436831872087
0.2791612442576708,oak tree,3.16285987197543,6.621700177900953
0.28989299424112625,oak tree,10.858679027495791,8.44847221578642
0.18606025237559778,oak tree,0.8968192059139937,0.2823576527784968
0.2744239222339138,pine tree,10.051165125979358,5.759026304962918
0.21282866267778763,oak tree,11.290303894018399,9.230079412834565
0.1805605122140757,pine tree,11.518939391065148,6.400713023595592
0.2320022228927564,maple tree,4.6641050874427314,7.719569440348851
0.25811081044157735,ash tree,3.4693158201603493,6.885243323396783
0.23633556749102594,maple tree,1.8932203354097101,0.8718640971882823
0.2952200435759206,pine tree,10.537822118620477,3.479603428435208
0.3073224060271057,oak tree,3.5014923492943058,4.655672008195701
0.21972589436312134,pine tree,5.281861300343732,6.940141921516796
0.14865939560703142,ash tree,8.81472780102703,11.47915405534848
0.23158868085163165,pine tree,4.275621113992195,8.294971790106032
0.15009898688841716,ash tree,4.3332887810631755,11.067604227552613
0.18879763825277765,maple tree,11.977980138796319,1.8918826717783865
0.3218281360422403,oak tree,5.395041866577618,8.912073217473205
0.22753717489308173,oak tree,1.3308711404651214,8.988974418322512
0.18416540550354749,maple tree,1.971648437500464,0.8741775296560794
0.2189307525867622,ash tree,3.5252228072715215,5.625743330655148
0.2979062261090888,ash tree,4.099870213958376,9.317424968097344
0.23019950063952987,maple tree,4.431557465042747,2.8269042695393205
0.1997449643476051,maple tree,3.137615820517148,5.892506001701426
0.16373715015942678,oak tree,8.65460921669041,0.43211217764693455
0.1956079856821634,ash tree,9.17829984241627,10.038358186888697
0.21515464968793743,pine tree,3.781940409340247,1.0439249508695627
0.16346572677342128,ash tree,11.841817913445233,3.983611934973765
0.29061583380680983,oak tree,1.0657970584977794,2.9134367814000113
0.258314368428359,maple tree,9.235759621652663,6.504582654253749
0.1979289317459021,oak tree,0.4306572344090793,5.805449189716729
0.22919564049491123,oak tree,7.223840187327115,10.849206080377161
0.2844115339556182,pine tree,4.458786276763043,7.1175800479656885
0.3293746517499314,pine tree,8.974386466635455,8.883072182960706
0.23048661949851923,ash tree,6.666377792666927,9.47777572058004
0.2744676269820648,oak tree,7.99556878981035,7.125388747454123
0.14609577880140948,ash tree,11.135791105054023,10.575242490604213
0.29641929592791194,oak tree,2.4386420843725447,2.6434983899858153
0.2591261313963284,oak tree,6.066761048579631,3.7524536884531083
0.27453540846561864,oak tree,8.342813426313722,3.376628151105553
0.1890447687161752,ash tree,0.09595681268575662,10.467517451597526
0.20554153946125234,maple tree,4.892399092170116,4.277719968396649
0.15517592300957528,pine tree,8.980722910847362,11.57671531555097
0.2748118367420927,oak tree,4.081194428365351,3.3763398872386485
0.24070340334342338,maple tree,6.667174170314759,9.259502331365981
0.22265477750845558,pine tree,6.13779632042322,3.4583602365931156
0.14189990970696797,maple tree,10.769188135288108,11.773217838978761
0.24274719125577998,oak tree,4.673223276327444,5.394534496963583
0.18241306321660114,ash tree,11.767883746960878,4.060187506396668
0.19329642652561552,pine tree,0.5145907648642245,5.965939649163795
0.27409454297183955,ash tree,7.090574968959934,9.115657041036698
0.2570906449646844,oak tree,11.204261427435595,0.5521800469958689
0.1981336517975004,ash tree,0.15891800476935058,6.494706064469206
0.22288757660617195,ash tree,8.322943636934642,10.201643050163245
0.3397875689975674,ash tree,3.646388587213493,8.302854959955495
0.24476129433320112,pine tree,1.2282728848063482,6.873033225104704
0.2526108208274219,pine tree,8.325872823769739,2.030637975870214
0.26745643929809854,oak tree,9.225367921387402,11.761847295067195
0.2384198985128513,pine tree,5.885250300441033,11.204331254847611
0.18892423746950623,ash tree,1.3290650490786171,6.197415964344868
0.23637513838947075,pine tree,1.5253891150438021,4.976874296903036
0.2285155773291975,ash tree,2.1104093924304355,7.947990270236244
0.19632601222914142,ash tree,4.072755126100738,3.722792779716853
0.2473454275404132,ash tree,6.782255728774578,9.15263126058102
0.15763132569034957,ash tree,0.008768245000423835,7.408957204952248
0.26479296393348317,oak tree,10.95086356737535,7.564476301916699
0.2000624336864324,pine tree,6.88214593631734,1.273509808701005
0.24758872196150808,oak tree,9.92293380800633,10.63603660097837
0.3103440321108283,pine tree,9.419156831493849,7.592606753310985
0.1938746014297879,pine tree,10.898650493445329,0.10702251519887884
0.24681185043871384,oak tree,0.15903841029260235,7.706849881263659
0.23447030458299073,ash tree,6.279297894511409,7.2301398774085115
0.20141190133928777,ash tree,4.38004543902405,6.572765740124945
0.1889864692025301,maple tree,8.758583552996015,11.034118646306352
0.22620341055938023,pine tree,1.5410706757811723,6.41240991532359
0.17432352397389636,ash tree,0.6140918283184069,11.346287457170154
0.16458558334333745,maple tree,5.909757403386889,1.4296105385231992
0.25475677337568436,ash tree,6.775083612626194,8.997034150068018
0.15972221831061006,maple tree,7.268312201057988,1.5808408031893357
0.1500260660866521,maple tree,7.361643366117541,1.4483206841350085
0.25352073293165445,ash tree,4.023963934341456,8.169232152389036
0.1565272829634198,ash tree,0.24522689082199145,3.1871060096196207
0.1916181935775876,maple tree,0.8092037823264775,0.12739848031486822
0.23561355310642787,ash tree,1.8360866825148743,4.023931510927847
0.2379348819514533,pine tree,0.7029532584174993,3.925862648579731
0.19987369883612688,maple tree,4.057838717035865,2.6387160618902956
0.19041273898305652,maple tree,11.108721951345672,5.283445324332405
0.27325702359376364,pine tree,2.289451122361657,4.210838299033277
0.22551183198519306,oak tree,0.44618659222796087,5.733857620139078
0.23364433549293298,pine tree,6.473499214527186,8.299789944256153
0.30809034536975893,maple tree,9.435708336678097,7.6189105543568925
0.1683595786989377,oak tree,0.6120872795012615,10.20832517975228
0.2769868526388688,maple tree,8.06203630274398,7.940006659666463
0.2631636536753486,ash tree,10.271382973541725,3.526547742748624
0.2300428929156599,pine tree,9.944681917166529,11.152329743526458
0.2690355736278085,oak tree,4.804671359654948,4.638298636127068
0.24827536378282125,maple tree,4.284536918020297,6.754903052060019
0.24649241909453778,pine tree,7.549014925416994,2.3995377610041797
0.2472375255097744,pine tree,11.192900736349962,1.4612995150612997
0.188308578205375,pine tree,11.657383869783239,9.190761568548998
0.14256884378019458,maple tree,8.969383780650574,1.5339741202954116
0.24844154977320942,oak tree,4.365599020821101,5.859629565262451
0.17009167406679582,ash tree,7.497544649354277,0.2638693682058264
0.2254446292462918,maple tree,7.8493161266528215,8.079665743368352
0.1730420295281403,oak tree,6.229926628006691,11.555477246159967
0.22402009902895428,oak tree,11.026048670616479,10.383097456429985
0.33091063462432757,oak tree,10.142830821717775,3.7308144905276746
0.19304873893017027,maple tree,5.30561300034398,9.757586423875274
0.20920933025683577,maple tree,3.1863698458069063,11.541041332841363
0.25575126121655034,pine tree,5.27138260301083,8.530074129101573
0.19990107637665644,pine tree,11.365627110672179,11.105587143903481
0.18513496322927603,pine tree,2.1997747153231413,10.562104083767956
0.18997659052545113,pine tree,0.45132186939113694,8.447443824896636
0.19528748670194998,maple tree,0.448678366767723,2.0220358090849944
0.2061611049220395,oak tree,11.723337517154032,6.74788758118181
0.3407082762967938,oak tree,9.472964106814022,3.8889807078919723
0.33237425443022295,oak tree,8.998526519048195,8.555073315293024
0.2694450706448743,maple tree,9.123528430855135,5.06851323234844
0.20562425439104653,maple tree,11.179542895608257,1.4202349937854981
0.29255537998363734,ash tree,10.157625815095214,5.355530097537164
0.1767560959161364,maple tree,5.260092449970555,11.733808325833849
0.15302703926893246,maple tree,0.43182433485699523,0.6699304672048911
0.31553817428615527,oak tree,6.804439059815596,9.105091507254151
0.34463518525036285,oak tree,3.7185794435501425,9.69023298188422
0.18226350363919938,maple tree,11.883328011899955,8.325386594010805
0.23027868808933766,pine tree,11.104710867448711,1.1497382005729602
0.16129776416639802,maple tree,9.609475717503152,1.7623342795927055
0.18992314424041948,maple tree,10.544708261643393,0.06573725596595237
0.1778531166618061,oak tree,11.19384126743747,9.037741579627582
0.2181024021525314,pine tree,6.1977662533734215,2.714790931192124
0.20204925854637318,oak tree,1.2555571690773637,7.401934655070017
0.17381195149626294,maple tree,11.78754975562652,0.21675668125134662
0.23199202825725912,oak tree,6.715394187741735,1.9812401659325762
0.20318470739046132,oak tree,5.382859480636656,11.88673500556236
0.19603693685259568,ash tree,5.374107617929244,4.67419786664396
0.21031320881322402,pine tree,7.748374571362817,3.6762434839153566
0.20258869038294813,pine tree,1.1115316165183855,8.136882306464274
0.2480800833265292,oak tree,2.4863751684701723,4.75911578846355
0.15371797082092575,ash tree,10.480656330366747,11.90669954584094
0.2848490222873011,oak tree,3.261320981690846,4.422575475334625
0.21879226928754528,pine tree,6.585107294748651,3.15395627859767
0.2655178510504209,oak tree,6.215535338373315,6.033155790341274
0.3076285051791782,ash tree,2.057659223907478,2.479732408117136
0.24927312349931408,oak tree,6.915901462507001,3.4134156425478275
0.2217027262593954,ash tree,5.05778315998365,5.989327791456938
0.18610350972047218,ash tree,8.07930668017464,2.306055376393113
0.2199627285505459,pine tree,6.13179414360806,6.471194508590424
0.22462875387601625,ash tree,7.395085917003226,7.100272550373385
0.28583163404249967,oak tree,7.468705837721233,4.809652908867049
0.17522232823457082,maple tree,6.908575877693861,3.239002248228838
0.17255793972910044,maple tree,3.1049222266748684,1.282229406768006
0.27892915602369756,maple tree,2.5481596148750842,2.054406376833511
0.1887602362544317,maple tree,6.523365260704908,5.622454603333901
0.2677848761442036,maple tree,8.687669164396564,7.25745101674248
0.20647763606838396,ash tree,3.103146251574601,11.20433886218549
0.30500855076225425,oak tree,4.372078019481872,7.85451877753362
0.1923038460600441,maple tree,4.076814610639531,0.6737978367342112
0.17979415430193152,maple tree,1.4678638850353507,6.095994892440336
0.26559688171275425,oak tree,7.982808809247851,4.360582210248069
0.18707113132999326,pine tree,1.9054207296466106,11.398711189795108
0.19908320387707762,oak tree,11.233245181204868,10.59116745356902
0.17869774821042056,maple tree,4.042982059184387,5.5651425256822415
0.223142669405264,pine tree,3.889533477116107,6.656922051286594
0.23552433317478497,maple tree,3.5140359336468467,6.506020830494505
0.2389241362008112,oak tree,3.0945020345998535,11.546572844892644
0.1982832401673765,pine tree,6.97896716076017,11.79536982605879
0.1562712553560003,ash tree,1.125325070607163,11.86310500594551
0.17688729416698515,maple tree,6.29975313773859,1.572018366050583
0.21804183216760947,ash tree,6.9059997549402,6.073486420359373
0.1735282869957184,ash tree,0.2441654254998955,0.4126834402533466
0.17531194784696136,pine tree,8.016740345675446,11.94704269715218
0.19662445530713735,ash tree,9.483873029721103,0.7680705991795271
0.27600034261446665,oak tree,1.8623028464868976,10.34032267981992
0.25506973380346093,oak tree,11.344239817318648,1.2303452018690328
0.1905387453883034,oak tree,11.75153186352821,5.8317414540726595
0.27814388247849575,oak tree,1.3772188911940133,1.723131876496785
0.1848631038207295,pine tree,4.163119879452999,0.17256624122622588
0.3022705752697098,pine tree,6.840866236736531,8.423407741066935
0.21791262275751033,maple tree,9.00593725827732,8.601945788474872
0.30497961013399333,oak tree,9.602822334023847,9.282268328571496
0.2849626829780792,maple tree,10.232699392113558,7.479148764221652
0.19898282807479595,oak tree,9.679909699626744,9.764303556693429
0.260095549661933,oak tree,7.700171461247811,2.9500758401270466
0.23059689039047482,ash tree,4.140321636105142,3.4036558607552796
0.25642217737430145,oak tree,2.0895383816998088,7.542215221663113
0.185954281736214,pine tree,8.772298724523479,10.724236644307185
0.22319718388885376,pine tree,10.604816468508625,7.496728701917608
0.25027823218797113,oak tree,0.7313905683699917,2.1725676040325625
0.21532164837543788,oak tree,10.02694062780235,0.7583970641384465
0.2827218663408381,oak tree,6.229329556725263,8.485989177755144
0.31851778757462307,oak tree,2.0008655004241427,3.23580663728547
0.18537039264939087,maple tree,6.5843416126895145,10.99921962782772
0.2126341983334264,pine tree,7.568964087094528,2.7588043254725467
0.22388423842979546,oak tree,2.5469772837344227,10.53532381941323
0.22062171781213102,oak tree,10.736531947535957,7.393564555699587
0.1868367674659462,ash tree,10.962552493339128,1.0448831098971332
0.18407150741247302,ash tree,11.416645412855623,7.413322807670312
0.14934261405834498,maple tree,0.32411754207157495,10.704962206362032
0.17042742505295339,maple tree,11.288659359757128,5.903848870964263
0.27266874445190253,pine tree,10.05438818643873,2.6509473749550807
0.3001709780267487,pine tree,2.294542055989857,2.952632619268285
0.17404386951912582,maple tree,5.818861961134804,2.2911897430907056
0.1925321812590623,oak tree,0.9064259609796714,3.8594562005973425
0.2799869899636019,ash tree,3.3594210040270926,3.387815395065674
0.32000544078082116,oak tree,8.865960946117987,8.211874703934617
0.23421552747612123,oak tree,9.808769600866972,9.941425276825736
0.21674355969554554,maple tree,6.83846906891724,8.139093205886814
0.21422678785575622,oak tree,6.204894688089144,11.121898974589737
0.21890368017831688,oak tree,1.242146391330826,5.856125304598385
0.2546969012802604,oak tree,10.23837420923049,2.439993269529345
0.23476626350898777,maple tree,3.6307266756747683,6.2811539653606205
0.23817277683796143,ash tree,8.789378782504418,9.952981434227214
0.20351409417662486,oak tree,11.295554178746892,3.3487682199274227
0.2299282323660935,pine tree,7.203234629140577,10.275258224488105
0.27023509987384375,ash tree,4.905156204519327,8.580146902161216
0.28627404914479876,oak tree,5.7630198078986155,5.258224937256724
0.31712947804756353,oak tree,2.3896367344377163,9.136813400863078
0.305423334817891,pine tree,4.58063455724311,7.462919664212864
0.19702882347797313,ash tree,3.3975358012747496,6.062401292821286
0.18355191253298958,ash tree,2.4291843678332006,0.7337981409764667
0.27880692476755914,maple tree,8.38647352571012,8.417181923293583
0.19266630391579667,maple tree,1.3361707578675506,9.206097948639515
0.2612291977379576,oak tree,11.146936237377842,2.834017524597847
0.31461779604833107,oak tree,3.1496097725513863,1.8070121828586174
0.2000966161954645,ash tree,10.216101521525804,11.062857848947601
0.23622217520377722,oak tree,11.403492923477675,5.984726502302434
0.16056893201230651,maple tree,6.281972999151547,0.16260346593317188
0.2222229337067511,pine tree,6.095197043750593,5.627247901781953
0.15781932535939375,maple tree,10.152809995739311,11.880866996711136
0.27644172788330157,pine tree,10.269021286469439,3.0059207198301423
0.19743767922729621,pine tree,0.5217353279837069,5.5172939880656875
0.18930217324910054,maple tree,4.21372110389623,4.702166180943232
0.1653836614061726,ash tree,6.468460718282795,1.6852789334724845
0.32187474483430967,oak tree,7.758025066053994,7.638524176270925
0.30721096934706515,oak tree,3.3882074860220115,4.78225382068128
0.1898883142230467,pine tree,9.436123495825582,10.093679779601844
0.1964633887128839,pine tree,0.492576302057135,3.959917174019312
0.27634983736716545,oak tree,6.084092057190147,9.257143521897152
0.18544073260051686,maple tree,8.391925524617456,1.1867328888331667
0.16304132718622977,ash tree,3.7273778768965853,1.0084935686598957
0.31629671229375805,pine tree,9.777100996244677,6.267506412198958
0.2325891703499281,maple tree,4.483421980702255,6.053559269045866
0.2684310831190295,pine tree,9.872852214902727,5.940184710136293
0.19031511675473872,ash tree,10.77252656852724,1.3639549178078263
0.2710557108877092,maple tree,9.741539741551238,5.054183087226685
0.20302796273202187,maple tree,1.5142362568614622,5.637096696472344
0.26340534488039813,pine tree,8.71571669053122,9.573266513010125
0.2728856903160627,pine tree,9.281432666433833,6.311384717734069
0.20994582755224322,maple tree,6.203608056733685,5.4602311232758876
0.21602522790547216,oak tree,5.139932484953472,1.346627012764353
0.20277276443985784,maple tree,4.557194920599519,1.9910748282380064
0.22849114895313724,pine tree,10.33304290652618,8.808021740509474
0.24881245040388877,ash tree,6.224029456416886,9.02525370750173
0.2202698554133776,pine tree,5.361183430642947,2.3698062869038137
0.21993634102006468,pine tree,6.625157565907154,4.649816514340555
0.24101046405225027,pine tree,4.1263705145794916,2.755042482347007
0.22372583413008604,maple tree,6.641222133300547,5.126379235309662
0.30867020585907234,oak tree,2.230092387573724,4.093592330833715
0.2198382578773473,ash tree,2.6142570978979562,6.973303514740682
0.1684999935142551,maple tree,6.022087040711156,4.808527637197348
0.2699731899107495,pine tree,10.766230497294254,4.560184604364388
0.1915647394902073,pine tree,5.852678240543623,2.4675350979533697
0.322532722324721,oak tree,9.051438295167761,6.18962241789303
0.2108001155211811,ash tree,5.653798472031424,7.723292013719395
0.17770556225208906,ash tree,11.480899100909518,11.202983232843518
0.25612655638898596,maple tree,2.2927395094866023,2.1415939302347735
0.33981809305557853,pine tree,3.712882583357153,9.062690670219453
0.2459572210794029,pine tree,0.5604712603490212,1.834308484800823
0.2037684192451542,pine tree,4.439593358518957,6.31960292886123
0.2700797105288184,oak tree,7.342875929363539,7.6350222024884475
0.31636175292758983,oak tree,7.726148828054882,9.463862295246784
0.20765520401843546,oak tree,10.483416026860361,0.9192243533127238
0.2034598743355407,maple tree,7.9230326930946635,2.620371140937257
0.26068134872433296,maple tree,4.5326805870814315,7.6456884962414655
0.1954344095720371,pine tree,11.91208410033998,5.006216152815874
0.23117889509374795,maple tree,1.513993757885809,7.595513886575225
0.22252313682493277,maple tree,10.127810290958086,6.8134159160593155
0.20759407245036363,maple tree,3.5698935347230347,5.230258273724146
0.23144709359831012,maple tree,7.810770097229923,8.621999845137909
0.26823719315224537,pine tree,3.4797944381783825,4.582901905374077
0.16475488935805993,ash tree,11.94791863013726,7.448204508151019
0.1727797199840865,ash tree,0.5614301508313657,8.930900080893208
0.20387434563314777,oak tree,7.356792255106658,11.58173693512197
0.22537472874036116,pine tree,1.4298966698564581,4.943380377555654
0.24665233064163117,maple tree,9.041268570342227,1.618933492236581
0.22651052954989945,maple tree,2.9456575878032747,1.5626254556625843
0.23995270567392896,maple tree,3.197642829199348,2.6736357645861606
0.15741825763232728,maple tree,8.697762619512323,1.0210811534529998
0.2974940318431716,oak tree,8.932382763811114,5.041890247397395
0.18607586859459727,pine tree,11.182524148287634,7.619187294420115
0.24847922905382663,oak tree,9.8405159116876,1.1142766162340396
0.29309296169668186,pine tree,9.50686962123999,4.3406416221829325
0.2929771354032239,ash tree,9.974660346284324,3.0002390562397396
0.2766552746450651,pine tree,2.191016240870588,9.757917808531992
0.27478108432800147,pine tree,1.9122619671319416,8.863651978735254
0.16018280673408467,ash tree,4.748128893777599,0.04301390182825582
0.21667721964891684,oak tree,3.9359211833908123,10.488696148174533
0.1774536981976058,ash tree,3.1959944547701364,0.10564670079201122
0.1741820727182443,pine tree,1.169065705006207,11.276725692805426
0.25465803406732496,oak tree,5.8452243391883645,10.19698545020213
0.2578847257985353,oak tree,2.8627192043879504,1.8543855574110801
0.2353046669735033,pine tree,10.701398704008973,7.656357514023112
0.24398592352729315,pine tree,0.6210554136337851,0.14329297754381765
0.17628583350124677,ash tree,4.69434615501145,10.31262240627823
0.17518509669484691,maple tree,11.844784049828545,3.48946513053918
0.16668455801148524,ash tree,5.558687633976167,11.410510052741303
0.2765149997920986,maple tree,2.4184258805610623,8.090280874544572
0.2143871632252243,oak tree,7.872277115628039,10.117257906039503
0.1587745656522222,maple tree,4.930284030684033,11.632009844062722
0.20096061557377576,oak tree,1.262203219274384,4.174996200247186
0.16712215051511098,maple tree,5.72511064711462,11.490369028361878
0.2472334622071326,pine tree,11.119571978410649,0.5440838262626406
0.276894912940151,ash tree,2.867190393095713,8.850588149689402
0.1493022494909369,pine tree,0.1291875325269305,1.9930808049276973
0.16713845513916062,maple tree,7.372097103799721,0.481648391829657
0.24779485289619935,ash tree,2.8688353441995336,10.251277286879077
0.18293797565151376,ash tree,2.8995337976725737,10.897784274612277
0.22461082714070535,oak tree,7.0556342288941245,4.801361384595156
0.17365344371416946,pine tree,8.40395178601782,11.780330268431463
0.18781708795714389,oak tree,0.6876300764014776,10.941484340757025
0.24208666727791642,oak tree,4.288538684288373,2.02814058106006
0.29337013247054344,maple tree,9.782536166891338,3.424410358982666
0.23637236647575208,pine tree,5.120108696037412,0.0070420117887031175
0.18410480828183498,maple tree,9.098216068526721,10.39832110091029
0.24342157726569658,oak tree,4.20295647258497,11.515662564619456
0.2914924234023296,oak tree,1.867121251023617,4.758512795403556
0.2416130158121017,oak tree,0.30235964482666766,4.426465098555621
0.2247980834976175,ash tree,6.636454198297497,9.946732194219472
0.2204178356792922,oak tree,11.26255753486629,1.4843635975942453
0.22533216417733373,pine tree,5.372311987354818,6.959767351282049
0.19572970225162667,ash tree,6.512132615163399,1.4581405185774345
0.23813774425345896,oak tree,10.316999602994194,1.522335103230454
0.24923720400317678,pine tree,0.9724590565489333,1.872252060563543
0.22531580658186787,oak tree,0.3544958470857118,11.182570291329803
0.2506770608226487,ash tree,8.0044618869035,5.4751499049296495
0.18271735636769726,pine tree,0.004157262446879084,4.7119996814108935
0.28649502102554225,oak tree,3.6945594245498277,3.7043130296021696
0.32017197290271776,oak tree,1.96467151950637,7.846101992985599
0.20323195377421022,maple tree,0.3740732813142955,11.749774079511099
0.2436774472195887,pine tree,5.966651540018425,7.554934670632879
0.22100208353345854,maple tree,4.272514703006225,3.2503698656606126
0.15598418795208668,pine tree,0.2548403050577672,7.237061113295702
0.26296416096571423,ash tree,8.141136542114564,6.144491356537902
0.24418073929961923,ash tree,5.243534230958263,9.445959270523543
0.184374357474173,maple tree,6.435084417891548,6.822906405444735
0.2003867549068013,maple tree,6.5203202163585825,6.008313095364038
0.16114209327877785,maple tree,0.6139698768889654,9.909927518051116
0.1836088761669239,ash tree,6.673242259514321,10.171532514138681
0.18275229299638757,pine tree,5.790708605884094,1.8451069043809882
0.2211090831098684,pine tree,3.5009174386501747,7.294487946451561
0.2620827474687559,oak tree,6.28479470379461,7.140310222077771
0.2326966120628928,oak tree,1.3629853880514893,10.54628449674055
0.17682800803817908,maple tree,6.132630091995933,4.1289689395372005
0.3115937637585173,pine tree,9.571148341075272,4.820697345134951
0.18499753721005832,pine tree,1.1417376230656524,6.581028394951898
0.19917158291283793,pine tree,3.7978752067691604,0.9889818351931483
0.26999115088426173,pine tree,11.110567978823504,4.474166160437827
0.2807111287285739,ash tree,8.409782205529996,5.203078148781758
0.2870962334447341,ash tree,3.0896310382645473,9.17935129673545
0.2671256925372603,oak tree,10.601592439609096,6.114000050814567
0.2758533823342652,ash tree,9.401702358185235,8.366659956000051
0.22728906127488008,maple tree,4.378484991562268,10.088642327532101
0.20400712147522668,ash tree,11.110487316690197,2.6180429878063207
0.26290939756591464,oak tree,3.382664434494126,6.9309781523952285
0.18511807976055833,ash tree,6.788158188431831,9.05840568854046
0.27027223113337484,ash tree,5.6369847547380125,8.427759419951812
0.17408546916845297,pine tree,3.5959284301384784,0.23286020804497998
0.20298899111907717,oak tree,4.505343767737587,1.3584790874599646
0.20469105383524389,pine tree,11.8781029457205,6.627566612427033
0.2091650840765631,oak tree,9.747423257194423,10.835806258636858
0.20551997908156303,oak tree,7.354758539964482,0.26607269507823306
0.20959620907210755,oak tree,11.402951707601265,9.36370692583322
0.20897513628591732,ash tree,8.73382900068233,10.028074994632103
0.20674056996917606,ash tree,6.359029922374486,10.437712009911285
0.256967873928647,maple tree,3.896744667174597,7.871538726678976
0.2581350894990357,oak tree,3.7924186410389717,10.844592961706981
0.2824438071214641,oak tree,3.554511933459327,3.8897371397148075
0.2581255969726271,ash tree,8.85933981901961,9.005554494501876
0.25178864541684415,maple tree,7.723658761622305,9.057206728678292
0.2440845697744287,pine tree,6.631649134445872,6.832097736279402
0.23865528174634537,ash tree,1.7700881467901572,1.7077815258200486
0.1737705622801116,ash tree,0.7894977030427253,3.837437419730526
0.2113581845449219,oak tree,7.3559910941090285,11.342886460814894
0.28199818445042646,pine tree,8.162532944077865,9.189356673311773
0.23890016436353037,oak tree,9.503200927010328,1.6299893545182442
0.2550181995640488,ash tree,2.2613759012900845,9.517453570433524
0.25807067065742617,maple tree,3.733496731693958,9.431729966143587
0.21299923548288444,ash tree,1.5323998738274014,4.348001973551716
0.23990757100706683,pine tree,5.851017766635584,8.47938801328381
0.2359454236293108,ash tree,4.418213389206863,9.69119255923086
0.15600559084052387,ash tree,11.796692512508825,9.274339948479806
0.2680286930973672,oak tree,7.725278902075174,7.258672991494603
0.1902557725759244,oak tree,5.660974445025943,2.2103688237734067
0.2642048891872673,oak tree,10.688884744526,5.412419942133248
0.17524503579616368,maple tree,11.998779104746202,11.185849287378561
0.256294998848166,ash tree,3.471880095200913,4.228646169469263
0.17290459029652572,maple tree,5.650729347954341,0.7863600915065034
0.28496487277733784,pine tree,3.716242252021211,9.308694659492229
0.22202095947735606,maple tree,2.467732243900241,7.378117983613441
0.27730757942284595,pine tree,4.56163137658211,7.679279893091049
0.30969470629911294,oak tree,9.573528522358863,5.957267351544083
0.17934452903684828,ash tree,5.237691683335656,1.5044712114183936
0.24727800126221638,pine tree,7.03026211045715,5.549458447985846
0.23060993766677815,oak tree,2.1131064923507754,11.896524972612703
0.22719768446131208,maple tree,2.6804637582263844,4.404361115659341
0.26278249934434117,oak tree,7.070550089089825,8.47400069990589
0.2153765431289155,maple tree,1.309848657052508,3.0016247768043933
0.17975144927465758,maple tree,11.311016941146823,8.387275707797286
0.2418081988430927,maple tree,8.946113070831444,6.718551417188012
0.203211396634223,ash tree,9.558698621485405,2.0158299892950824
0.15664169273337114,maple tree,1.4497161110795833,11.538685332572467
0.3175720755435433,oak tree,2.47762505430024,8.038044382725795
0.20817344184368633,oak tree,0.4696327075872855,2.6558713408687757
0.16735485949951354,ash tree,4.527406088704039,11.105623850289241
0.19262132068393287,ash tree,6.650904811934797,1.6475376960544277
0.1752535664054432,ash tree,9.32384196965426,1.788473590502424
0.2519855078826053,ash tree,3.374048124764583,8.332828261116937
0.2278049530099218,oak tree,5.244965413453623,2.215298953772477
0.15164370577984407,maple tree,5.459280944773287,2.099348982859507
0.18906677481687464,oak tree,6.416637493405003,11.295361108647953
0.20809736990523608,oak tree,0.18129488930442728,5.233166996190656
0.2831024611528329,oak tree,6.176823689005671,3.6391849655344664
0.17223758744815434,ash tree,8.030703454551993,11.579869632981435
0.2760088090334207,ash tree,9.922779501597628,5.497319340361889
0.25957470609523764,ash tree,4.575230611162175,4.218908451759903
0.22397021268211387,ash tree,4.405537408743084,5.943974507873493
0.2015949629740076,oak tree,10.247227292663093,0.35357262294115577
0.22472160602848137,oak tree,7.395277280198444,10.41363209016219
0.28382292226907796,pine tree,9.847417344081087,7.401436518237238
0.22340090258327072,oak tree,7.528246180467651,0.15936361070753113
0.2010942201171392,pine tree,0.05955277933226677,8.504558099944973
0.19262535309078824,maple tree,5.274457922761069,5.094206240880815
0.22091933246247952,maple tree,4.397381601406691,6.234151137395208
0.1442758281307303,oak tree,11.071056784826727,6.387726987041479
0.2089603266538888,maple tree,6.796351241575035,10.414803525749512
0.2243673548522859,maple tree,3.425478201965912,8.881537740659533
0.2574051676387627,ash tree,2.7369780481256054,2.1222534206826036
0.19403379486482067,maple tree,2.2394632842701774,5.7089973763021025
0.2656515464459848,ash tree,9.741749773430433,4.722671074152419
0.2878244155757856,pine tree,8.0706060630908,7.446300295369694
0.27441505503028213,pine tree,2.9411753871925197,7.703336349986387
0.30973966663273267,oak tree,9.97681524849401,7.375517597815711
0.21842175148537876,pine tree,10.097898475117042,0.9394315653584435
0.20000105744422025,ash tree,11.937092211946588,5.401922701006628
0.23496767976941993,ash tree,3.3291126982883945,1.5538074722255497
0.2416971773746962,oak tree,3.7901612029128913,0.20476065370253727
0.2597776368228424,maple tree,7.321968513037698,7.617515888373776
0.27815367838093424,pine tree,9.719571371298318,2.039010641454189
0.2152878638134368,ash tree,6.754388802278557,2.1416303842161084
0.22748504588753327,maple tree,1.3325823464997768,3.5610610851751057
0.2122505969499362,pine tree,4.131114193014852,10.966405860073856
0.19675946625971305,maple tree,7.53933564448973,10.557985406385725
0.16259164407056562,ash tree,1.0531361194627946,8.035635479523991
0.15764175643276307,maple tree,0.6903516815135333,10.355545337999017
0.22230130210016255,maple tree,6.321466342498013,9.909455524095513
0.24504744449370228,oak tree,1.2192556101441365,1.214403944982636
0.20925354278155353,maple tree,5.252762278756751,2.3368207177316953
0.1973011664483661,pine tree,6.64535101441002,11.593263081811982
0.227175202411397,oak tree,1.2237154183339514,8.134958198630605
0.24621752525680976,oak tree,3.9046464120692614,6.924451783988694
0.16026578347163778,ash tree,6.4715279672504415,0.8527221037673991
0.19289587071748063,maple tree,6.215097059025147,5.19562946671641
0.17528268352580145,ash tree,1.6373839040589662,10.357620515841186
0.23981819399166285,ash tree,10.384802181046744,3.124239614755297
0.28137287322556753,oak tree,7.553359399340616,7.396448174952731
0.26624618229205366,ash tree,2.489848654425751,2.386172892461342
0.16869231008975652,pine tree,7.569489777967972,11.754568173796542
0.18216592431125642,pine tree,1.3614857510484732,0.09374089591249612
0.2094780054229274,ash tree,9.77680301381565,9.230474666796948
0.26628248641193897,pine tree,2.6739494413828124,10.054179834536878
0.2956192567735018,ash tree,9.2099292617369,5.765649355408764
0.2843938562678278,oak tree,10.18829718324103,4.225685591169967
0.17459660349961786,ash tree,0.21010166696374322,4.259753317148034
0.24005392346617957,maple tree,2.7692816712767643,4.922368511808221
